payment_id,payment_date,payment_method,Car_id,payment_amount
PM8-565-448Y,05/01/2018,pay by installments,BMW-mX1-SV,"$39,100"
PM9-237-633Y,06/01/2018,paid in full,BMW-mX3-SV,"$39,100"
PM5-081-136Y,09/01/2018,paid in full,BMW-mX7-SV,"$39,100"
PM7-252-913Y,12/01/2018,paid in full,BMW-X3M-SV,"$39,100"
PM9-284-984Y,13/01/2018,paid in full,BMW-mXM-SV,"$39,100"
PM1-375-491Y,13/01/2018,paid in full,BMW-m2S-SD,"$39,100"
PM1-647-100Y,18/01/2018,paid in full,BMW-m3S-SD,"$39,100"
PM2-146-223Y,23/01/2018,paid in full,BMW-m4S-SD,"$39,100"
PM5-760-076Y,25/01/2018,pay by installments,BMW-m5S-SD,"$39,100"
PM5-077-617Y,26/01/2018,pay by installments,BMW-m7S-SD,"$39,100"
PM5-664-744Y,26/01/2018,pay by installments,BMW-m8S-SD,"$39,100"
PM8-641-107Y,28/01/2018,pay by installments,BMW-mM3-SD,"$39,100"
PM8-278-588Y,28/01/2018,pay by installments,BMW-mM5-SD,"$39,100"
PM5-799-553Y,31/01/2018,pay by installments,BMW-mM8-SD,"$39,100"
PM0-440-342Y,06/02/2018,pay by installments,BMW-mI4-SD,"$39,100"
PM8-752-737Y,08/02/2018,paid in full,BMW-X5M-SV,"$39,100"
PM6-224-557Y,13/02/2018,pay by installments,BMW-X6M-SV,"$113,700"
PM7-906-584Y,15/02/2018,pay by installments,BMW-mIX-SV,"$87,100"
PM7-579-910Y,15/02/2018,paid in full,BMW-mXM-SV,"$159,000"
PM7-143-877Y,16/02/2018,paid in full,BMW-m2S-SD,"$37,800"
PM6-692-659Y,16/02/2018,pay by installments,BMW-m3S-SD,"$43,800"
PM5-549-767Y,17/02/2018,pay by installments,BMW-m4S-SD,"$45,200"
PM2-955-147Y,17/02/2018,paid in full,BMW-m5S-SD,"$56,000"
PM3-396-388Y,18/02/2018,pay by installments,BMW-m7S-SD,"$95,700"
PM5-927-003Y,21/02/2018,paid in full,BMW-S8c-CP,"$87,500"
PM4-508-835Y,24/02/2018,pay by installments,BMW-M2c-CP,"$62,850"
PM8-923-379Y,24/02/2018,paid in full,BMW-M4c-CP,"$78,300"
PM5-557-946Y,26/02/2018,pay by installments,BMW-M8c-CP,"$139,100"
PM2-327-603Y,07/03/2018,pay by installments,BMW-S4-CVB,"$55,500"
PM7-431-673Y,08/03/2018,paid in full,BMW-S8-CVB,"$97,100"
PM4-924-254Y,08/03/2018,paid in full,BMW-Z4-CVB,"$52,800"
PM0-919-834Y,09/03/2018,pay by installments,BMW-M4-CVB,"$89,700"
PM2-177-504Y,09/03/2018,pay by installments,BMW-M8-CVB,"$148,700"
PM2-680-530Y,10/03/2018,paid in full,BMW-mX4-SV,"$54,200"
PM6-185-038Y,18/03/2018,pay by installments,BMW-mX5-SV,"$61,600"
PM3-525-072Y,23/03/2018,paid in full,BMW-mX6-SV,"$70,100"
PM1-832-513Y,27/03/2018,paid in full,BMW-mX7-SV,"$77,850"
PM1-053-094Y,28/03/2018,pay by installments,BMW-X3M-SV,"$74,400"
PM6-024-439Y,29/03/2018,pay by installments,BMW-X4M-SV,"$77,900"
PM4-775-199Y,29/03/2018,pay by installments,BMW-X5M-SV,"$108,900"
PM8-445-874Y,01/04/2018,pay by installments,BMW-X6M-SV,"$113,700"
PM5-129-676Y,08/04/2018,pay by installments,BMW-mIX-SV,"$87,100"
PM8-971-928Y,13/04/2018,pay by installments,BMW-mXM-SV,"$159,000"
PM3-338-174Y,16/04/2018,pay by installments,BMW-mI4-SD,"$52,000"
PM2-190-319Y,17/04/2018,pay by installments,BMW-mI7-SD,"$119,300"
PM4-472-810Y,20/04/2018,pay by installments,BMW-S2c-CP,"$38,200"
PM2-973-721Y,22/04/2018,pay by installments,BMW-S4c-CP,"$47,400"
PM1-341-772Y,24/04/2018,pay by installments,BMW-mX1-SV,"$39,100"
PM1-171-778Y,25/04/2018,pay by installments,BMW-mX3-SV,"$46,200"
PM4-996-973Y,27/04/2018,pay by installments,BMW-mX4-SV,"$54,200"
PM7-959-220Y,27/04/2018,pay by installments,BMW-m5S-SD,"$56,000"
PM9-323-276Y,29/04/2018,pay by installments,BMW-m7S-SD,"$95,700"
PM9-714-195Y,30/04/2018,pay by installments,BMW-m8S-SD,"$87,500"
PM2-289-054Y,30/04/2018,pay by installments,BMW-mM3-SD,"$74,300"
PM1-734-589Y,01/05/2018,pay by installments,BMW-mM5-SD,"$109,000"
PM9-734-967Y,02/05/2018,pay by installments,BMW-mM8-SD,"$134,100"
PM7-301-979Y,04/05/2018,pay by installments,BMW-X4M-SV,"$77,900"
PM0-034-306Y,08/05/2018,pay by installments,BMW-X5M-SV,"$108,900"
PM2-987-615Y,10/05/2018,paid in full,BMW-X6M-SV,"$113,700"
PM1-351-927Y,13/05/2018,paid in full,BMW-mIX-SV,"$87,100"
PM2-720-801Y,14/05/2018,paid in full,BMW-mXM-SV,"$159,000"
PM1-017-795Y,15/05/2018,paid in full,BMW-m2S-SD,"$37,800"
PM6-244-955Y,16/05/2018,paid in full,BMW-m3S-SD,"$43,800"
PM2-288-467Y,19/05/2018,paid in full,BMW-m4S-SD,"$45,200"
PM3-009-249Y,21/05/2018,paid in full,BMW-m5S-SD,"$56,000"
PM7-273-274Y,23/05/2018,pay by installments,BMW-m7S-SD,"$95,700"
PM3-550-223Y,24/05/2018,pay by installments,BMW-mM3-SD,"$74,300"
PM8-312-513Y,28/05/2018,pay by installments,BMW-mM5-SD,"$109,000"
PM6-452-765Y,30/05/2018,pay by installments,BMW-mM8-SD,"$134,100"
PM8-949-574Y,06/06/2018,pay by installments,BMW-mI4-SD,"$52,000"
PM2-493-310Y,06/06/2018,pay by installments,BMW-mI7-SD,"$119,300"
PM6-515-372Y,10/06/2018,pay by installments,BMW-S2c-CP,"$38,200"
PM0-543-201Y,11/06/2018,paid in full,BMW-S4c-CP,"$47,400"
PM6-808-944Y,12/06/2018,pay by installments,BMW-S8c-CP,"$87,500"
PM2-930-777Y,17/06/2018,pay by installments,BMW-M2c-CP,"$62,850"
PM3-925-835Y,21/06/2018,paid in full,BMW-M4c-CP,"$78,300"
PM1-695-300Y,22/06/2018,paid in full,BMW-M8c-CP,"$139,100"
PM8-587-250Y,23/06/2018,pay by installments,BMW-mX6-SV,"$70,100"
PM1-279-105Y,23/06/2018,pay by installments,BMW-mX7-SV,"$77,850"
PM4-912-846Y,27/06/2018,paid in full,BMW-X3M-SV,"$74,400"
PM8-725-202Y,29/06/2018,pay by installments,BMW-X4M-SV,"$77,900"
PM2-792-715Y,30/06/2018,pay by installments,BMW-X5M-SV,"$108,900"
PM4-126-848Y,13/07/2018,pay by installments,BMW-X6M-SV,"$113,700"
PM2-594-745Y,13/07/2018,pay by installments,BMW-mIX-SV,"$87,100"
PM6-265-798Y,18/07/2018,pay by installments,BMW-mXM-SV,"$159,000"
PM5-270-093Y,18/07/2018,paid in full,BMW-m2S-SD,"$37,800"
PM9-769-312Y,19/07/2018,pay by installments,BMW-m3S-SD,"$43,800"
PM7-914-931Y,19/07/2018,pay by installments,BMW-m4S-SD,"$45,200"
PM5-765-613Y,19/07/2018,paid in full,BMW-m5S-SD,"$56,000"
PM1-252-134Y,23/07/2018,paid in full,BMW-m7S-SD,"$95,700"
PM8-973-778Y,26/07/2018,pay by installments,BMW-m8S-SD,"$87,500"
PM3-625-734Y,27/07/2018,pay by installments,BMW-mM3-SD,"$74,300"
PM5-710-783Y,27/07/2018,paid in full,BMW-mM5-SD,"$109,000"
PM7-772-043Y,27/07/2018,pay by installments,BMW-mM8-SD,"$134,100"
PM5-371-817Y,30/07/2018,paid in full,BMW-mI4-SD,"$52,000"
PM2-566-014Y,01/08/2018,pay by installments,BMW-mI7-SD,"$119,300"
PM9-205-067Y,03/08/2018,paid in full,BMW-S2c-CP,"$38,200"
PM1-954-306Y,05/08/2018,pay by installments,BMW-S4c-CP,"$47,400"
PM6-070-641Y,05/08/2018,pay by installments,BMW-S8c-CP,"$87,500"
PM9-850-621Y,10/08/2018,paid in full,BMW-M2c-CP,"$62,850"
PM5-262-897Y,18/08/2018,paid in full,BMW-mX1-SV,"$39,100"
PM8-326-589Y,21/08/2018,pay by installments,BMW-mX3-SV,"$46,200"
PM9-293-654Y,24/08/2018,pay by installments,BMW-mX4-SV,"$54,200"
PM5-372-513Y,25/08/2018,paid in full,BMW-mX5-SV,"$61,600"
PM4-617-562Y,30/08/2018,pay by installments,BMW-mX6-SV,"$70,100"
PM3-597-610Y,30/08/2018,paid in full,BMW-mX7-SV,"$77,850"
PM1-532-617Y,02/09/2018,paid in full,BMW-X3M-SV,"$74,400"
PM7-426-073Y,04/09/2018,pay by installments,BMW-X4M-SV,"$77,900"
PM1-817-635Y,05/09/2018,pay by installments,BMW-X5M-SV,"$108,900"
PM2-745-336Y,05/09/2018,pay by installments,BMW-X6M-SV,"$113,700"
PM5-479-210Y,07/09/2018,pay by installments,BMW-mIX-SV,"$87,100"
PM4-281-262Y,12/09/2018,pay by installments,BMW-mXM-SV,"$159,000"
PM3-202-273Y,13/09/2018,pay by installments,BMW-m2S-SD,"$37,800"
PM9-937-408Y,16/09/2018,pay by installments,BMW-m3S-SD,"$43,800"
PM9-054-832Y,17/09/2018,pay by installments,BMW-m4S-SD,"$45,200"
PM9-494-907Y,19/09/2018,paid in full,BMW-m5S-SD,"$56,000"
PM9-746-190Y,22/09/2018,paid in full,BMW-m7S-SD,"$95,700"
PM6-140-485Y,28/09/2018,paid in full,BMW-mX6-SV,"$70,100"
PM5-917-203Y,02/10/2018,paid in full,BMW-mX7-SV,"$77,850"
PM3-528-729Y,10/10/2018,paid in full,BMW-X3M-SV,"$74,400"
PM3-918-906Y,11/10/2018,paid in full,BMW-X4M-SV,"$77,900"
PM1-179-182Y,12/10/2018,paid in full,BMW-X5M-SV,"$108,900"
PM2-985-730Y,13/10/2018,pay by installments,BMW-X6M-SV,"$113,700"
PM5-645-721Y,14/10/2018,pay by installments,BMW-mIX-SV,"$87,100"
PM2-257-659Y,15/10/2018,pay by installments,BMW-mXM-SV,"$159,000"
PM3-514-045Y,16/10/2018,pay by installments,BMW-m2S-SD,"$37,800"
PM7-941-593Y,18/10/2018,pay by installments,BMW-m3S-SD,"$43,800"
PM0-850-952Y,21/10/2018,pay by installments,BMW-m4S-SD,"$45,200"
PM8-673-259Y,26/10/2018,pay by installments,BMW-m5S-SD,"$56,000"
PM9-415-468Y,29/10/2018,paid in full,BMW-m7S-SD,"$95,700"
PM1-473-328Y,29/10/2018,pay by installments,BMW-m8S-SD,"$87,500"
PM9-770-187Y,29/10/2018,pay by installments,BMW-mM3-SD,"$74,300"
PM1-666-078Y,30/10/2018,paid in full,BMW-mM5-SD,"$109,000"
PM3-554-076Y,04/11/2018,paid in full,BMW-mM8-SD,"$134,100"
PM8-971-465Y,06/11/2018,pay by installments,BMW-mI4-SD,"$52,000"
PM4-968-607Y,07/11/2018,paid in full,BMW-mI7-SD,"$119,300"
PM4-762-411Y,08/11/2018,paid in full,BMW-S2c-CP,"$38,200"
PM1-096-751Y,09/11/2018,paid in full,BMW-S4c-CP,"$47,400"
PM6-342-477Y,15/11/2018,paid in full,BMW-S8c-CP,"$87,500"
PM0-212-103Y,22/11/2018,paid in full,BMW-m7S-SD,"$95,700"
PM0-927-642Y,23/11/2018,paid in full,BMW-m8S-SD,"$87,500"
PM4-970-195Y,24/11/2018,pay by installments,BMW-mM3-SD,"$74,300"
PM3-147-970Y,25/11/2018,pay by installments,BMW-S8-CVB,"$97,100"
PM3-406-669Y,30/11/2018,pay by installments,BMW-Z4-CVB,"$52,800"
PM1-385-698Y,02/12/2018,pay by installments,BMW-M4-CVB,"$89,700"
PM1-050-007Y,03/12/2018,pay by installments,BMW-M8-CVB,"$148,700"
PM2-376-321Y,03/12/2018,pay by installments,BMW-mX3-SV,"$46,200"
PM4-985-485Y,04/12/2018,paid in full,BMW-mX4-SV,"$54,200"
PM7-353-292Y,04/12/2018,paid in full,BMW-mX5-SV,"$61,600"
PM6-097-529Y,05/12/2018,paid in full,BMW-mX6-SV,"$70,100"
PM5-042-864Y,06/12/2018,paid in full,BMW-mX1-SV,"$39,100"
PM4-457-278Y,09/12/2018,paid in full,BMW-mX3-SV,"$46,200"
PM3-362-411Y,12/12/2018,paid in full,BMW-mX4-SV,"$54,200"
PM8-679-429Y,14/12/2018,paid in full,BMW-mX5-SV,"$61,600"
PM9-870-073Y,18/12/2018,pay by installments,BMW-mX6-SV,"$70,100"
PM6-186-976Y,26/12/2018,paid in full,BMW-mX7-SV,"$77,850"
PM0-801-224Y,28/12/2018,paid in full,BMW-X3M-SV,"$74,400"
PM7-383-885Y,29/12/2018,paid in full,BMW-S8c-CP,"$87,500"
PM6-306-438Y,29/12/2018,paid in full,BMW-M2c-CP,"$62,850"
PM9-416-977Y,29/12/2018,pay by installments,BMW-M4c-CP,"$78,300"
PM5-952-649Y,31/12/2018,pay by installments,BMW-mX5-SV,"$61,600"
PM6-415-470Y,01/01/2019,pay by installments,BMW-mX6-SV,"$70,100"
PM2-460-798Y,02/01/2019,pay by installments,BMW-mX7-SV,"$77,850"
PM6-845-269Y,04/01/2019,pay by installments,BMW-X3M-SV,"$74,400"
PM2-176-486Y,04/01/2019,pay by installments,BMW-X4M-SV,"$77,900"
PM9-476-778Y,06/01/2019,pay by installments,BMW-X5M-SV,"$108,900"
PM8-253-922Y,07/01/2019,paid in full,BMW-X6M-SV,"$113,700"
PM9-451-459Y,08/01/2019,pay by installments,BMW-mIX-SV,"$87,100"
PM5-733-945Y,09/01/2019,pay by installments,BMW-mXM-SV,"$159,000"
PM2-244-070Y,09/01/2019,paid in full,BMW-m2S-SD,"$37,800"
PM8-065-723Y,10/01/2019,paid in full,BMW-m3S-SD,"$43,800"
PM2-133-804Y,12/01/2019,pay by installments,BMW-mX1-SV,"$39,100"
PM6-481-417Y,13/01/2019,pay by installments,BMW-mX3-SV,"$46,200"
PM4-188-627Y,14/01/2019,paid in full,BMW-mX4-SV,"$54,200"
PM1-856-642Y,17/01/2019,pay by installments,BMW-mX5-SV,"$61,600"
PM4-077-052Y,24/01/2019,paid in full,BMW-mX6-SV,"$70,100"
PM1-847-989Y,30/01/2019,pay by installments,BMW-mX7-SV,"$77,850"
PM3-461-408Y,01/02/2019,paid in full,BMW-X3M-SV,"$74,400"
PM0-429-366Y,05/02/2019,pay by installments,BMW-X4M-SV,"$77,900"
PM5-099-240Y,07/02/2019,pay by installments,BMW-X5M-SV,"$108,900"
PM1-170-016Y,07/02/2019,paid in full,BMW-X6M-SV,"$113,700"
PM5-999-971Y,09/02/2019,paid in full,BMW-mIX-SV,"$87,100"
PM8-409-919Y,10/02/2019,pay by installments,BMW-mXM-SV,"$159,000"
PM0-794-361Y,10/02/2019,pay by installments,BMW-m2S-SD,"$37,800"
PM5-892-505Y,14/02/2019,paid in full,BMW-m3S-SD,"$43,800"
PM6-144-837Y,15/02/2019,pay by installments,BMW-m4S-SD,"$45,200"
PM5-898-448Y,21/02/2019,paid in full,BMW-m5S-SD,"$56,000"
PM5-972-506Y,22/02/2019,paid in full,BMW-m7S-SD,"$95,700"
PM7-818-531Y,24/02/2019,pay by installments,BMW-m8S-SD,"$87,500"
PM9-886-715Y,28/02/2019,pay by installments,BMW-mM3-SD,"$74,300"
PM0-722-790Y,28/02/2019,pay by installments,BMW-mM5-SD,"$109,000"
PM0-210-463Y,01/03/2019,pay by installments,BMW-mM8-SD,"$134,100"
PM4-510-326Y,02/03/2019,pay by installments,BMW-mI4-SD,"$52,000"
PM3-655-374Y,03/03/2019,pay by installments,BMW-mI7-SD,"$119,300"
PM7-351-946Y,05/03/2019,pay by installments,BMW-S2c-CP,"$38,200"
PM0-622-862Y,08/03/2019,pay by installments,BMW-S4c-CP,"$47,400"
PM8-357-414Y,10/03/2019,pay by installments,BMW-S8c-CP,"$87,500"
PM8-646-946Y,10/03/2019,pay by installments,BMW-M2c-CP,"$62,850"
PM3-919-371Y,11/03/2019,pay by installments,BMW-M4c-CP,"$78,300"
PM8-430-482Y,13/03/2019,pay by installments,BMW-M8c-CP,"$139,100"
PM9-769-654Y,15/03/2019,pay by installments,BMW-S4-CVB,"$55,500"
PM4-191-555Y,17/03/2019,paid in full,BMW-S8-CVB,"$97,100"
PM9-749-050Y,22/03/2019,pay by installments,BMW-Z4-CVB,"$52,800"
PM2-870-383Y,23/03/2019,pay by installments,BMW-M4-CVB,"$89,700"
PM9-502-695Y,25/03/2019,pay by installments,BMW-M8-CVB,"$148,700"
PM7-076-007Y,29/03/2019,pay by installments,BMW-m2S-SD,"$37,800"
PM6-304-819Y,31/03/2019,pay by installments,BMW-m3S-SD,"$43,800"
PM3-981-341Y,31/03/2019,pay by installments,BMW-m4S-SD,"$45,200"
PM9-320-326Y,01/04/2019,pay by installments,BMW-m5S-SD,"$56,000"
PM2-824-359Y,02/04/2019,pay by installments,BMW-m7S-SD,"$95,700"
PM7-187-562Y,04/04/2019,pay by installments,BMW-m8S-SD,"$87,500"
PM7-287-898Y,06/04/2019,pay by installments,BMW-mM3-SD,"$74,300"
PM8-982-780Y,07/04/2019,pay by installments,BMW-mM5-SD,"$109,000"
PM2-281-128Y,07/04/2019,pay by installments,BMW-m4S-SD,"$45,200"
PM6-134-561Y,09/04/2019,pay by installments,BMW-m5S-SD,"$56,000"
PM6-350-447Y,11/04/2019,pay by installments,BMW-mX7-SV,"$77,850"
PM9-238-821Y,12/04/2019,pay by installments,BMW-M8-CVB,"$148,700"
PM5-310-852Y,12/04/2019,pay by installments,BMW-mX6-SV,"$70,100"
PM6-936-453Y,13/04/2019,pay by installments,BMW-mX7-SV,"$77,850"
PM8-925-488Y,13/04/2019,pay by installments,BMW-X3M-SV,"$74,400"
PM2-724-543Y,13/04/2019,pay by installments,BMW-X4M-SV,"$77,900"
PM0-743-786Y,14/04/2019,pay by installments,BMW-X5M-SV,"$108,900"
PM5-300-262Y,19/04/2019,pay by installments,BMW-X6M-SV,"$113,700"
PM7-862-006Y,24/04/2019,paid in full,BMW-mX1-SV,"$39,100"
PM3-703-465Y,26/04/2019,paid in full,BMW-mX3-SV,"$46,200"
PM2-825-395Y,27/04/2019,paid in full,BMW-mX4-SV,"$54,200"
PM2-206-792Y,30/04/2019,paid in full,BMW-mX5-SV,"$61,600"
PM3-204-782Y,02/05/2019,paid in full,BMW-mX6-SV,"$70,100"
PM1-202-182Y,02/05/2019,paid in full,BMW-mM3-SD,"$74,300"
PM9-966-352Y,06/05/2019,paid in full,BMW-mM5-SD,"$109,000"
PM1-368-231Y,11/05/2019,pay by installments,BMW-mM8-SD,"$134,100"
PM4-169-493Y,15/05/2019,pay by installments,BMW-mX1-SV,"$39,100"
PM0-853-095Y,16/05/2019,pay by installments,BMW-mX3-SV,"$46,200"
PM2-984-424Y,17/05/2019,pay by installments,BMW-mX4-SV,"$54,200"
PM9-772-681Y,18/05/2019,pay by installments,BMW-mX5-SV,"$61,600"
PM3-327-823Y,22/05/2019,pay by installments,BMW-mX6-SV,"$70,100"
PM3-863-415Y,22/05/2019,pay by installments,BMW-m3S-SD,"$43,800"
PM2-255-278Y,23/05/2019,paid in full,BMW-m4S-SD,"$45,200"
PM1-464-097Y,27/05/2019,pay by installments,BMW-m5S-SD,"$56,000"
PM7-083-208Y,31/05/2019,pay by installments,BMW-m7S-SD,"$95,700"
PM4-533-571Y,01/06/2019,paid in full,BMW-mI4-SD,"$52,000"
PM2-938-255Y,03/06/2019,paid in full,BMW-mI7-SD,"$119,300"
PM9-185-860Y,04/06/2019,pay by installments,BMW-S2c-CP,"$38,200"
PM8-961-186Y,05/06/2019,pay by installments,BMW-S4c-CP,"$47,400"
PM7-480-873Y,07/06/2019,paid in full,BMW-S8c-CP,"$87,500"
PM3-141-324Y,09/06/2019,pay by installments,BMW-X6M-SV,"$113,700"
PM2-998-163Y,19/06/2019,pay by installments,BMW-M8c-CP,"$139,100"
PM8-347-458Y,25/06/2019,pay by installments,BMW-mM8-SD,"$134,100"
PM9-961-723Y,26/06/2019,pay by installments,BMW-M8-CVB,"$148,700"
PM4-139-943Y,28/06/2019,pay by installments,BMW-mM8-SD,"$134,100"
PM4-990-933Y,13/07/2019,pay by installments,BMW-mI4-SD,"$52,000"
PM8-531-477Y,14/07/2019,paid in full,BMW-mI7-SD,"$119,300"
PM6-682-725Y,15/07/2019,pay by installments,BMW-S2c-CP,"$38,200"
PM4-778-917Y,15/07/2019,pay by installments,BMW-S4c-CP,"$47,400"
PM4-807-933Y,17/07/2019,paid in full,BMW-S8c-CP,"$87,500"
PM9-205-423Y,19/07/2019,paid in full,BMW-M2c-CP,"$62,850"
PM6-011-054Y,20/07/2019,pay by installments,BMW-M4c-CP,"$78,300"
PM6-225-760Y,23/07/2019,pay by installments,BMW-M8c-CP,"$139,100"
PM0-513-062Y,24/07/2019,paid in full,BMW-S4-CVB,"$55,500"
PM5-070-341Y,25/07/2019,pay by installments,BMW-S8-CVB,"$97,100"
PM8-000-569Y,26/07/2019,paid in full,BMW-Z4-CVB,"$52,800"
PM1-855-316Y,28/07/2019,pay by installments,BMW-M4-CVB,"$89,700"
PM1-475-369Y,28/07/2019,paid in full,BMW-M8-CVB,"$148,700"
PM2-768-603Y,28/07/2019,pay by installments,BMW-mX1-SV,"$39,100"
PM0-155-688Y,28/07/2019,pay by installments,BMW-mX3-SV,"$46,200"
PM1-685-349Y,01/08/2019,paid in full,BMW-mX4-SV,"$54,200"
PM5-861-334Y,01/08/2019,paid in full,BMW-mX5-SV,"$61,600"
PM6-589-279Y,01/08/2019,pay by installments,BMW-mX6-SV,"$70,100"
PM6-117-464Y,03/08/2019,pay by installments,BMW-mX7-SV,"$77,850"
PM3-454-963Y,07/08/2019,paid in full,BMW-X3M-SV,"$74,400"
PM7-452-687Y,08/08/2019,pay by installments,BMW-X4M-SV,"$77,900"
PM2-060-436Y,12/08/2019,paid in full,BMW-X5M-SV,"$108,900"
PM5-156-010Y,12/08/2019,paid in full,BMW-m8S-SD,"$87,500"
PM2-552-779Y,22/08/2019,pay by installments,BMW-mM3-SD,"$74,300"
PM9-076-990Y,24/08/2019,pay by installments,BMW-mM5-SD,"$109,000"
PM6-757-319Y,28/08/2019,pay by installments,BMW-mM8-SD,"$134,100"
PM2-738-292Y,29/08/2019,pay by installments,BMW-mI4-SD,"$52,000"
PM0-949-569Y,04/09/2019,pay by installments,BMW-mI7-SD,"$119,300"
PM9-784-319Y,09/09/2019,pay by installments,BMW-S2c-CP,"$38,200"
PM0-163-442Y,11/09/2019,pay by installments,BMW-S4c-CP,"$47,400"
PM7-356-584Y,12/09/2019,pay by installments,BMW-mX1-SV,"$39,100"
PM7-086-227Y,12/09/2019,pay by installments,BMW-mX3-SV,"$46,200"
PM8-603-643Y,16/09/2019,pay by installments,BMW-mX4-SV,"$54,200"
PM9-221-062Y,16/09/2019,pay by installments,BMW-mX5-SV,"$61,600"
PM0-479-509Y,17/09/2019,pay by installments,BMW-mX6-SV,"$70,100"
PM1-889-374Y,17/09/2019,pay by installments,BMW-mX7-SV,"$77,850"
PM0-308-447Y,18/09/2019,paid in full,BMW-X3M-SV,"$74,400"
PM1-840-015Y,21/09/2019,pay by installments,BMW-X4M-SV,"$77,900"
PM0-168-461Y,21/09/2019,pay by installments,BMW-X5M-SV,"$108,900"
PM5-409-864Y,22/09/2019,pay by installments,BMW-X6M-SV,"$113,700"
PM5-986-703Y,24/09/2019,pay by installments,BMW-mIX-SV,"$87,100"
PM2-273-550Y,26/09/2019,pay by installments,BMW-mXM-SV,"$159,000"
PM3-043-039Y,30/09/2019,pay by installments,BMW-m2S-SD,"$37,800"
PM1-901-129Y,01/10/2019,pay by installments,BMW-m3S-SD,"$43,800"
PM0-309-189Y,02/10/2019,pay by installments,BMW-m4S-SD,"$45,200"
PM1-283-791Y,06/10/2019,pay by installments,BMW-m5S-SD,"$56,000"
PM3-482-133Y,08/10/2019,pay by installments,BMW-m7S-SD,"$95,700"
PM0-436-901Y,13/10/2019,pay by installments,BMW-m2S-SD,"$37,800"
PM0-519-997Y,13/10/2019,pay by installments,BMW-m3S-SD,"$43,800"
PM8-549-175Y,14/10/2019,pay by installments,BMW-m4S-SD,"$45,200"
PM9-688-865Y,16/10/2019,pay by installments,BMW-m5S-SD,"$56,000"
PM9-120-799Y,16/10/2019,pay by installments,BMW-m7S-SD,"$95,700"
PM3-326-034Y,17/10/2019,pay by installments,BMW-m8S-SD,"$87,500"
PM3-020-913Y,17/10/2019,pay by installments,BMW-mM3-SD,"$74,300"
PM1-289-628Y,20/10/2019,pay by installments,BMW-mM5-SD,"$109,000"
PM6-519-716Y,21/10/2019,pay by installments,BMW-mM8-SD,"$134,100"
PM3-009-101Y,27/10/2019,pay by installments,BMW-mI4-SD,"$52,000"
PM0-954-720Y,28/10/2019,pay by installments,BMW-mI7-SD,"$119,300"
PM5-890-265Y,28/10/2019,paid in full,BMW-X3M-SV,"$74,400"
PM9-636-418Y,30/10/2019,paid in full,BMW-X4M-SV,"$77,900"
PM1-042-636Y,01/11/2019,paid in full,BMW-X5M-SV,"$108,900"
PM1-704-026Y,01/11/2019,paid in full,BMW-m3S-SD,"$43,800"
PM6-956-827Y,02/11/2019,pay by installments,BMW-m4S-SD,"$45,200"
PM6-155-891Y,06/11/2019,pay by installments,BMW-m5S-SD,"$56,000"
PM2-489-141Y,12/11/2019,pay by installments,BMW-m7S-SD,"$95,700"
PM8-754-687Y,13/11/2019,pay by installments,BMW-m8S-SD,"$87,500"
PM3-826-751Y,18/11/2019,pay by installments,BMW-mM3-SD,"$74,300"
PM1-468-804Y,19/11/2019,pay by installments,BMW-mM5-SD,"$109,000"
PM1-464-643Y,19/11/2019,pay by installments,BMW-mM8-SD,"$134,100"
PM6-906-931Y,20/11/2019,pay by installments,BMW-mI4-SD,"$52,000"
PM0-765-340Y,23/11/2019,pay by installments,BMW-mI7-SD,"$119,300"
PM1-178-405Y,23/11/2019,pay by installments,BMW-mIX-SV,"$87,100"
PM2-687-883Y,26/11/2019,pay by installments,BMW-mXM-SV,"$159,000"
PM8-727-220Y,27/11/2019,pay by installments,BMW-m2S-SD,"$37,800"
PM9-864-937Y,28/11/2019,pay by installments,BMW-m3S-SD,"$43,800"
PM9-186-847Y,29/11/2019,pay by installments,BMW-m4S-SD,"$45,200"
PM2-023-540Y,29/11/2019,pay by installments,BMW-m5S-SD,"$56,000"
PM4-940-898Y,29/11/2019,pay by installments,BMW-m7S-SD,"$95,700"
PM0-898-344Y,29/11/2019,paid in full,BMW-m8S-SD,"$87,500"
PM5-096-339Y,04/12/2019,paid in full,BMW-mM3-SD,"$74,300"
PM6-947-832Y,05/12/2019,paid in full,BMW-mM5-SD,"$109,000"
PM2-115-440Y,05/12/2019,paid in full,BMW-mX1-SV,"$39,100"
PM4-129-198Y,06/12/2019,paid in full,BMW-mX3-SV,"$46,200"
PM0-830-677Y,06/12/2019,paid in full,BMW-mX4-SV,"$54,200"
PM7-154-936Y,08/12/2019,paid in full,BMW-mX5-SV,"$61,600"
PM3-515-185Y,10/12/2019,paid in full,BMW-mX6-SV,"$70,100"
PM8-232-002Y,11/12/2019,paid in full,BMW-mX7-SV,"$77,850"
PM8-820-752Y,11/12/2019,paid in full,BMW-X3M-SV,"$74,400"
PM9-667-683Y,12/12/2019,paid in full,BMW-X4M-SV,"$77,900"
PM9-350-691Y,20/12/2019,paid in full,BMW-X5M-SV,"$108,900"
PM0-594-531Y,27/12/2019,paid in full,BMW-X6M-SV,"$113,700"
PM2-298-913Y,27/12/2019,paid in full,BMW-mIX-SV,"$87,100"
PM2-970-393Y,28/12/2019,paid in full,BMW-M4c-CP,"$78,300"
PM0-057-984Y,28/12/2019,paid in full,BMW-M8c-CP,"$139,100"
PM7-628-359Y,30/12/2019,paid in full,BMW-S4-CVB,"$55,500"
PM9-533-845Y,03/01/2020,pay by installments,BMW-S8-CVB,"$97,100"
PM8-000-434Y,03/01/2020,pay by installments,BMW-Z4-CVB,"$52,800"
PM5-428-977Y,03/01/2020,pay by installments,BMW-M4-CVB,"$89,700"
PM5-793-987Y,05/01/2020,pay by installments,BMW-M8-CVB,"$148,700"
PM6-459-994Y,06/01/2020,pay by installments,BMW-X6M-SV,"$113,700"
PM9-381-537Y,10/01/2020,pay by installments,BMW-mIX-SV,"$87,100"
PM2-288-044Y,11/01/2020,pay by installments,BMW-mXM-SV,"$159,000"
PM2-163-207Y,12/01/2020,pay by installments,BMW-m2S-SD,"$37,800"
PM0-507-530Y,12/01/2020,pay by installments,BMW-m3S-SD,"$43,800"
PM6-125-129Y,15/01/2020,pay by installments,BMW-m4S-SD,"$45,200"
PM9-927-302Y,16/01/2020,pay by installments,BMW-m5S-SD,"$56,000"
PM4-195-350Y,17/01/2020,paid in full,BMW-m7S-SD,"$95,700"
PM8-452-504Y,17/01/2020,paid in full,BMW-m8S-SD,"$87,500"
PM6-227-812Y,18/01/2020,paid in full,BMW-mM3-SD,"$74,300"
PM8-817-559Y,22/01/2020,paid in full,BMW-mM5-SD,"$109,000"
PM2-205-101Y,26/01/2020,pay by installments,BMW-mX1-SV,"$39,100"
PM1-901-930Y,28/01/2020,pay by installments,BMW-mX3-SV,"$46,200"
PM9-281-764Y,29/01/2020,paid in full,BMW-mX4-SV,"$54,200"
PM3-770-567Y,31/01/2020,pay by installments,BMW-mX5-SV,"$61,600"
PM8-095-085Y,03/02/2020,paid in full,BMW-mX6-SV,"$70,100"
PM0-868-263Y,04/02/2020,pay by installments,BMW-mX7-SV,"$77,850"
PM3-311-264Y,11/02/2020,paid in full,BMW-M4c-CP,"$78,300"
PM7-022-995Y,11/02/2020,paid in full,BMW-M8c-CP,"$139,100"
PM7-877-680Y,11/02/2020,paid in full,BMW-S4-CVB,"$55,500"
PM7-551-303Y,20/02/2020,paid in full,BMW-S8-CVB,"$97,100"
PM1-527-108Y,23/02/2020,paid in full,BMW-Z4-CVB,"$52,800"
PM9-182-457Y,23/02/2020,paid in full,BMW-M4-CVB,"$89,700"
PM2-306-820Y,27/02/2020,pay by installments,BMW-M8-CVB,"$148,700"
PM4-215-604Y,29/02/2020,pay by installments,BMW-mX1-SV,"$39,100"
PM5-197-628Y,03/03/2020,pay by installments,BMW-mX3-SV,"$46,200"
PM2-860-566Y,03/03/2020,pay by installments,BMW-mX4-SV,"$54,200"
PM6-785-390Y,04/03/2020,pay by installments,BMW-mX5-SV,"$61,600"
PM7-234-735Y,04/03/2020,pay by installments,BMW-mX6-SV,"$70,100"
PM8-457-405Y,04/03/2020,pay by installments,BMW-mX7-SV,"$77,850"
PM9-165-031Y,05/03/2020,paid in full,BMW-X3M-SV,"$74,400"
PM4-253-783Y,07/03/2020,pay by installments,BMW-X4M-SV,"$77,900"
PM3-883-246Y,10/03/2020,pay by installments,BMW-X5M-SV,"$108,900"
PM1-122-899Y,10/03/2020,paid in full,BMW-X6M-SV,"$113,700"
PM4-461-591Y,12/03/2020,paid in full,BMW-mIX-SV,"$87,100"
PM1-753-761Y,14/03/2020,pay by installments,BMW-mXM-SV,"$159,000"
PM6-621-464Y,18/03/2020,pay by installments,BMW-m2S-SD,"$37,800"
PM9-727-709Y,18/03/2020,paid in full,BMW-mX1-SV,"$39,100"
PM6-955-606Y,21/03/2020,paid in full,BMW-mX3-SV,"$46,200"
PM1-254-233Y,27/03/2020,pay by installments,BMW-mX4-SV,"$54,200"
PM0-340-692Y,28/03/2020,pay by installments,BMW-mX5-SV,"$61,600"
PM6-356-109Y,28/03/2020,pay by installments,BMW-mX6-SV,"$70,100"
PM3-927-404Y,29/03/2020,pay by installments,BMW-mX7-SV,"$77,850"
PM5-092-848Y,05/04/2020,pay by installments,BMW-X3M-SV,"$74,400"
PM5-200-807Y,05/04/2020,pay by installments,BMW-X4M-SV,"$77,900"
PM2-846-344Y,06/04/2020,pay by installments,BMW-X5M-SV,"$108,900"
PM3-632-272Y,08/04/2020,pay by installments,BMW-X6M-SV,"$113,700"
PM3-620-720Y,10/04/2020,pay by installments,BMW-mIX-SV,"$87,100"
PM1-084-728Y,13/04/2020,pay by installments,BMW-mXM-SV,"$159,000"
PM0-513-409Y,14/04/2020,pay by installments,BMW-m2S-SD,"$37,800"
PM1-944-376Y,15/04/2020,pay by installments,BMW-m3S-SD,"$43,800"
PM7-430-118Y,17/04/2020,pay by installments,BMW-m4S-SD,"$45,200"
PM4-202-468Y,17/04/2020,paid in full,BMW-m5S-SD,"$56,000"
PM5-909-924Y,19/04/2020,paid in full,BMW-m7S-SD,"$95,700"
PM5-058-649Y,23/04/2020,pay by installments,BMW-m8S-SD,"$87,500"
PM6-389-597Y,25/04/2020,pay by installments,BMW-mM3-SD,"$74,300"
PM3-448-978Y,25/04/2020,pay by installments,BMW-mM5-SD,"$109,000"
PM5-587-331Y,26/04/2020,pay by installments,BMW-mM8-SD,"$134,100"
PM4-139-820Y,26/04/2020,pay by installments,BMW-mI4-SD,"$52,000"
PM0-031-929Y,29/04/2020,pay by installments,BMW-mI7-SD,"$119,300"
PM3-428-339Y,01/05/2020,pay by installments,BMW-S2c-CP,"$38,200"
PM9-547-284Y,03/05/2020,pay by installments,BMW-mX3-SV,"$46,200"
PM8-553-005Y,07/05/2020,pay by installments,BMW-mX4-SV,"$54,200"
PM7-888-824Y,10/05/2020,paid in full,BMW-mX5-SV,"$61,600"
PM1-199-411Y,10/05/2020,paid in full,BMW-mX6-SV,"$70,100"
PM5-589-140Y,12/05/2020,pay by installments,BMW-mX7-SV,"$77,850"
PM3-522-805Y,12/05/2020,pay by installments,BMW-X3M-SV,"$74,400"
PM3-309-200Y,16/05/2020,paid in full,BMW-X4M-SV,"$77,900"
PM2-531-171Y,21/05/2020,pay by installments,BMW-X5M-SV,"$108,900"
PM9-799-717Y,22/05/2020,paid in full,BMW-m4S-SD,"$45,200"
PM9-085-265Y,22/05/2020,pay by installments,BMW-m5S-SD,"$56,000"
PM8-013-392Y,23/05/2020,paid in full,BMW-m7S-SD,"$95,700"
PM9-249-856Y,24/05/2020,pay by installments,BMW-m8S-SD,"$87,500"
PM9-055-578Y,25/05/2020,pay by installments,BMW-mM3-SD,"$74,300"
PM0-580-762Y,29/05/2020,paid in full,BMW-mM5-SD,"$109,000"
PM4-000-375Y,30/05/2020,paid in full,BMW-mM8-SD,"$134,100"
PM4-000-054Y,30/05/2020,pay by installments,BMW-S8c-CP,"$87,500"
PM7-775-629Y,31/05/2020,pay by installments,BMW-M2c-CP,"$62,850"
PM2-515-319Y,02/06/2020,paid in full,BMW-M4c-CP,"$78,300"
PM1-948-618Y,06/06/2020,pay by installments,BMW-M8c-CP,"$139,100"
PM7-005-246Y,08/06/2020,paid in full,BMW-S4-CVB,"$55,500"
PM0-572-840Y,14/06/2020,paid in full,BMW-S8-CVB,"$97,100"
PM1-483-205Y,20/06/2020,paid in full,BMW-Z4-CVB,"$52,800"
PM4-360-121Y,22/06/2020,paid in full,BMW-M4-CVB,"$89,700"
PM3-518-824Y,23/06/2020,paid in full,BMW-M8-CVB,"$148,700"
PM4-785-068Y,25/06/2020,paid in full,BMW-mM3-SD,"$74,300"
PM0-372-035Y,26/06/2020,paid in full,BMW-mM5-SD,"$109,000"
PM4-488-129Y,28/06/2020,paid in full,BMW-mM8-SD,"$134,100"
PM9-522-586Y,30/06/2020,paid in full,BMW-mI4-SD,"$52,000"
PM0-671-258Y,02/07/2020,paid in full,BMW-mI7-SD,"$119,300"
PM7-401-961Y,07/07/2020,pay by installments,BMW-S2c-CP,"$38,200"
PM4-818-597Y,08/07/2020,pay by installments,BMW-mX1-SV,"$39,100"
PM3-549-908Y,09/07/2020,paid in full,BMW-mX3-SV,"$46,200"
PM2-431-465Y,21/07/2020,paid in full,BMW-mX4-SV,"$54,200"
PM4-886-148Y,21/07/2020,pay by installments,BMW-mX5-SV,"$61,600"
PM3-441-850Y,23/07/2020,pay by installments,BMW-mX6-SV,"$70,100"
PM5-953-638Y,24/07/2020,paid in full,BMW-mX7-SV,"$77,850"
PM1-319-944Y,27/07/2020,pay by installments,BMW-X3M-SV,"$74,400"
PM8-754-405Y,27/07/2020,paid in full,BMW-X4M-SV,"$77,900"
PM7-871-795Y,31/07/2020,pay by installments,BMW-X5M-SV,"$108,900"
PM5-396-073Y,01/08/2020,paid in full,BMW-X6M-SV,"$113,700"
PM5-807-620Y,02/08/2020,pay by installments,BMW-mIX-SV,"$87,100"
PM9-320-688Y,02/08/2020,pay by installments,BMW-mX1-SV,"$39,100"
PM3-939-874Y,05/08/2020,paid in full,BMW-mX3-SV,"$46,200"
PM1-128-106Y,08/08/2020,paid in full,BMW-mX4-SV,"$54,200"
PM5-438-916Y,08/08/2020,pay by installments,BMW-mX5-SV,"$61,600"
PM7-688-122Y,09/08/2020,pay by installments,BMW-mX6-SV,"$70,100"
PM4-911-369Y,10/08/2020,paid in full,BMW-mX7-SV,"$77,850"
PM3-387-342Y,22/08/2020,pay by installments,BMW-X3M-SV,"$74,400"
PM2-832-270Y,31/08/2020,paid in full,BMW-X4M-SV,"$77,900"
PM1-361-766Y,07/09/2020,paid in full,BMW-X5M-SV,"$108,900"
PM1-269-295Y,09/09/2020,paid in full,BMW-X6M-SV,"$113,700"
PM2-845-465Y,10/09/2020,paid in full,BMW-mIX-SV,"$87,100"
PM1-478-015Y,10/09/2020,paid in full,BMW-mXM-SV,"$159,000"
PM1-476-246Y,14/09/2020,paid in full,BMW-m2S-SD,"$37,800"
PM4-961-147Y,16/09/2020,pay by installments,BMW-m3S-SD,"$43,800"
PM6-152-764Y,17/09/2020,pay by installments,BMW-m4S-SD,"$45,200"
PM4-784-638Y,20/09/2020,paid in full,BMW-m5S-SD,"$56,000"
PM3-189-688Y,21/09/2020,paid in full,BMW-m7S-SD,"$95,700"
PM2-158-554Y,21/09/2020,pay by installments,BMW-m8S-SD,"$87,500"
PM9-527-469Y,24/09/2020,pay by installments,BMW-mM3-SD,"$74,300"
PM8-132-396Y,24/09/2020,pay by installments,BMW-mM5-SD,"$109,000"
PM3-381-368Y,25/09/2020,paid in full,BMW-mM8-SD,"$134,100"
PM9-076-922Y,26/09/2020,paid in full,BMW-mI4-SD,"$52,000"
PM1-579-118Y,05/10/2020,pay by installments,BMW-mI7-SD,"$119,300"
PM0-752-817Y,07/10/2020,paid in full,BMW-S2c-CP,"$38,200"
PM0-034-898Y,18/10/2020,pay by installments,BMW-S4c-CP,"$47,400"
PM1-999-668Y,20/10/2020,pay by installments,BMW-S8c-CP,"$87,500"
PM1-569-116Y,21/10/2020,paid in full,BMW-M2c-CP,"$62,850"
PM3-884-913Y,23/10/2020,paid in full,BMW-M4c-CP,"$78,300"
PM0-790-943Y,23/10/2020,pay by installments,BMW-M8c-CP,"$139,100"
PM4-800-866Y,26/10/2020,paid in full,BMW-S4-CVB,"$55,500"
PM5-602-828Y,01/11/2020,paid in full,BMW-S8-CVB,"$97,100"
PM1-646-186Y,02/11/2020,paid in full,BMW-Z4-CVB,"$52,800"
PM5-867-890Y,03/11/2020,paid in full,BMW-M4-CVB,"$89,700"
PM1-877-280Y,11/11/2020,paid in full,BMW-M8-CVB,"$148,700"
PM1-331-099Y,13/11/2020,pay by installments,BMW-X5M-SV,"$108,900"
PM9-143-336Y,16/11/2020,pay by installments,BMW-X6M-SV,"$113,700"
PM9-004-046Y,20/11/2020,pay by installments,BMW-mIX-SV,"$87,100"
PM4-474-800Y,20/11/2020,paid in full,BMW-mXM-SV,"$159,000"
PM2-649-313Y,22/11/2020,pay by installments,BMW-m2S-SD,"$37,800"
PM9-427-801Y,23/11/2020,paid in full,BMW-m3S-SD,"$43,800"
PM2-729-597Y,24/11/2020,paid in full,BMW-m4S-SD,"$45,200"
PM6-572-986Y,25/11/2020,paid in full,BMW-m5S-SD,"$56,000"
PM3-107-831Y,25/11/2020,paid in full,BMW-m7S-SD,"$95,700"
PM2-130-241Y,28/11/2020,pay by installments,BMW-m8S-SD,"$87,500"
PM5-459-614Y,28/11/2020,paid in full,BMW-mM3-SD,"$74,300"
PM2-931-849Y,02/12/2020,paid in full,BMW-mM5-SD,"$109,000"
PM9-758-143Y,03/12/2020,paid in full,BMW-mM8-SD,"$134,100"
PM3-902-646Y,04/12/2020,paid in full,BMW-mI4-SD,"$52,000"
PM7-896-489Y,05/12/2020,paid in full,BMW-mI7-SD,"$119,300"
PM7-089-829Y,07/12/2020,pay by installments,BMW-mX1-SV,"$39,100"
PM5-901-893Y,08/12/2020,pay by installments,BMW-mX3-SV,"$46,200"
PM6-843-428Y,09/12/2020,paid in full,BMW-mX4-SV,"$54,200"
PM6-814-096Y,14/12/2020,paid in full,BMW-mX5-SV,"$61,600"
PM5-292-065Y,15/12/2020,pay by installments,BMW-mX6-SV,"$70,100"
PM8-362-074Y,16/12/2020,pay by installments,BMW-mX7-SV,"$77,850"
PM6-867-509Y,17/12/2020,paid in full,BMW-X3M-SV,"$74,400"
PM0-534-350Y,17/12/2020,pay by installments,BMW-X4M-SV,"$77,900"
PM5-008-395Y,21/12/2020,paid in full,BMW-X5M-SV,"$108,900"
PM2-239-580Y,21/12/2020,paid in full,BMW-X6M-SV,"$113,700"
PM0-357-181Y,23/12/2020,pay by installments,BMW-mIX-SV,"$87,100"
PM2-327-261Y,24/12/2020,pay by installments,BMW-mXM-SV,"$159,000"
PM7-129-930Y,25/12/2020,pay by installments,BMW-m2S-SD,"$37,800"
PM5-810-094Y,28/12/2020,pay by installments,BMW-m3S-SD,"$43,800"
PM9-769-342Y,03/01/2021,pay by installments,BMW-m4S-SD,"$45,200"
PM9-478-311Y,13/01/2021,pay by installments,BMW-m5S-SD,"$56,000"
PM2-547-377Y,13/01/2021,pay by installments,BMW-S8-CVB,"$97,100"
PM8-369-211Y,14/01/2021,pay by installments,BMW-Z4-CVB,"$52,800"
PM4-037-062Y,14/01/2021,paid in full,BMW-M4-CVB,"$89,700"
PM6-527-694Y,18/01/2021,paid in full,BMW-M8-CVB,"$148,700"
PM3-500-585Y,19/01/2021,paid in full,BMW-X6M-SV,"$113,700"
PM9-470-057Y,21/01/2021,paid in full,BMW-mIX-SV,"$87,100"
PM8-379-849Y,22/01/2021,paid in full,BMW-mXM-SV,"$159,000"
PM0-638-904Y,22/01/2021,paid in full,BMW-m2S-SD,"$37,800"
PM5-327-446Y,24/01/2021,paid in full,BMW-m3S-SD,"$43,800"
PM7-389-533Y,31/01/2021,pay by installments,BMW-m4S-SD,"$45,200"
PM9-775-928Y,02/02/2021,pay by installments,BMW-mX1-SV,"$39,100"
PM0-116-748Y,09/02/2021,pay by installments,BMW-mX3-SV,"$46,200"
PM5-243-144Y,09/02/2021,pay by installments,BMW-mX4-SV,"$54,200"
PM7-016-718Y,11/02/2021,pay by installments,BMW-mX5-SV,"$61,600"
PM4-342-546Y,13/02/2021,pay by installments,BMW-mX6-SV,"$70,100"
PM2-225-473Y,21/02/2021,pay by installments,BMW-mX7-SV,"$77,850"
PM9-590-372Y,26/02/2021,paid in full,BMW-X3M-SV,"$74,400"
PM5-837-220Y,27/02/2021,pay by installments,BMW-X4M-SV,"$77,900"
PM9-680-102Y,28/02/2021,pay by installments,BMW-mI7-SD,"$119,300"
PM9-511-987Y,28/02/2021,paid in full,BMW-S2c-CP,"$38,200"
PM1-464-503Y,03/03/2021,paid in full,BMW-S4c-CP,"$47,400"
PM4-606-349Y,05/03/2021,pay by installments,BMW-S8c-CP,"$87,500"
PM0-013-028Y,08/03/2021,paid in full,BMW-m3S-SD,"$43,800"
PM8-123-715Y,09/03/2021,paid in full,BMW-m4S-SD,"$45,200"
PM8-258-112Y,10/03/2021,paid in full,BMW-m5S-SD,"$56,000"
PM3-059-628Y,12/03/2021,paid in full,BMW-m7S-SD,"$95,700"
PM0-658-318Y,17/03/2021,paid in full,BMW-m8S-SD,"$87,500"
PM6-706-746Y,19/03/2021,paid in full,BMW-mM3-SD,"$74,300"
PM6-430-513Y,19/03/2021,pay by installments,BMW-mM5-SD,"$109,000"
PM5-987-397Y,25/03/2021,pay by installments,BMW-m3S-SD,"$43,800"
PM4-099-432Y,09/04/2021,pay by installments,BMW-m4S-SD,"$45,200"
PM1-444-036Y,11/04/2021,pay by installments,BMW-m5S-SD,"$56,000"
PM0-417-389Y,15/04/2021,pay by installments,BMW-m7S-SD,"$95,700"
PM4-430-282Y,16/04/2021,pay by installments,BMW-m8S-SD,"$87,500"
PM7-501-783Y,20/04/2021,paid in full,BMW-mM3-SD,"$74,300"
PM2-188-112Y,24/04/2021,paid in full,BMW-mM5-SD,"$109,000"
PM3-751-793Y,26/04/2021,paid in full,BMW-mM8-SD,"$134,100"
PM6-310-366Y,27/04/2021,paid in full,BMW-mXM-SV,"$159,000"
PM0-929-210Y,27/04/2021,paid in full,BMW-m2S-SD,"$37,800"
PM7-682-645Y,28/04/2021,paid in full,BMW-mM8-SD,"$134,100"
PM8-171-101Y,01/05/2021,paid in full,BMW-mI4-SD,"$52,000"
PM1-235-993Y,03/05/2021,pay by installments,BMW-mI7-SD,"$119,300"
PM0-642-120Y,06/05/2021,paid in full,BMW-S2c-CP,"$38,200"
PM6-887-418Y,07/05/2021,paid in full,BMW-S4c-CP,"$47,400"
PM7-753-315Y,07/05/2021,paid in full,BMW-S8c-CP,"$87,500"
PM7-251-602Y,11/05/2021,paid in full,BMW-M2c-CP,"$62,850"
PM7-889-499Y,15/05/2021,pay by installments,BMW-M4c-CP,"$78,300"
PM5-231-942Y,16/05/2021,pay by installments,BMW-M8c-CP,"$139,100"
PM3-311-610Y,18/05/2021,pay by installments,BMW-S4-CVB,"$55,500"
PM1-018-606Y,20/05/2021,pay by installments,BMW-S8-CVB,"$97,100"
PM5-882-560Y,21/05/2021,pay by installments,BMW-Z4-CVB,"$52,800"
PM1-148-574Y,21/05/2021,pay by installments,BMW-M4-CVB,"$89,700"
PM6-141-328Y,23/05/2021,pay by installments,BMW-M8-CVB,"$148,700"
PM0-970-666Y,23/05/2021,paid in full,BMW-mXM-SV,"$159,000"
PM8-566-832Y,23/05/2021,pay by installments,BMW-m2S-SD,"$37,800"
PM5-028-558Y,23/05/2021,pay by installments,BMW-M4c-CP,"$78,300"
PM2-904-682Y,01/06/2021,paid in full,BMW-M8c-CP,"$139,100"
PM2-471-223Y,02/06/2021,paid in full,BMW-S4-CVB,"$55,500"
PM3-741-509Y,08/06/2021,pay by installments,BMW-S8-CVB,"$97,100"
PM8-216-234Y,08/06/2021,pay by installments,BMW-Z4-CVB,"$52,800"
PM4-902-206Y,10/06/2021,paid in full,BMW-M4-CVB,"$89,700"
PM0-919-479Y,11/06/2021,pay by installments,BMW-M8-CVB,"$148,700"
PM6-951-633Y,13/06/2021,paid in full,BMW-m7S-SD,"$95,700"
PM4-442-869Y,14/06/2021,pay by installments,BMW-m8S-SD,"$87,500"
PM6-169-178Y,16/06/2021,paid in full,BMW-mM3-SD,"$74,300"
PM7-815-142Y,17/06/2021,pay by installments,BMW-mM5-SD,"$109,000"
PM9-524-950Y,20/06/2021,pay by installments,BMW-mM8-SD,"$134,100"
PM8-412-031Y,22/06/2021,paid in full,BMW-mIX-SV,"$87,100"
PM8-114-059Y,23/06/2021,paid in full,BMW-mXM-SV,"$159,000"
PM0-875-709Y,25/06/2021,pay by installments,BMW-m2S-SD,"$37,800"
PM7-082-877Y,26/06/2021,pay by installments,BMW-X4M-SV,"$77,900"
PM6-454-289Y,26/06/2021,paid in full,BMW-X5M-SV,"$108,900"
PM7-444-533Y,27/06/2021,pay by installments,BMW-X6M-SV,"$113,700"
PM6-541-812Y,28/06/2021,paid in full,BMW-mIX-SV,"$87,100"
PM8-920-770Y,03/07/2021,paid in full,BMW-mXM-SV,"$159,000"
PM5-373-663Y,03/07/2021,pay by installments,BMW-m2S-SD,"$37,800"
PM1-891-930Y,07/07/2021,pay by installments,BMW-m3S-SD,"$43,800"
PM6-141-373Y,09/07/2021,pay by installments,BMW-m4S-SD,"$45,200"
PM0-757-203Y,11/07/2021,pay by installments,BMW-m5S-SD,"$56,000"
PM2-933-695Y,15/07/2021,pay by installments,BMW-mX1-SV,"$39,100"
PM4-879-399Y,21/07/2021,pay by installments,BMW-mX3-SV,"$46,200"
PM0-817-008Y,22/07/2021,pay by installments,BMW-mX4-SV,"$54,200"
PM4-896-316Y,25/07/2021,pay by installments,BMW-mX5-SV,"$61,600"
PM9-345-738Y,26/07/2021,pay by installments,BMW-mX6-SV,"$70,100"
PM6-120-737Y,28/07/2021,pay by installments,BMW-mX7-SV,"$77,850"
PM2-214-733Y,30/07/2021,pay by installments,BMW-X3M-SV,"$74,400"
PM5-278-506Y,01/08/2021,pay by installments,BMW-X4M-SV,"$77,900"
PM8-820-938Y,01/08/2021,pay by installments,BMW-S8-CVB,"$97,100"
PM4-105-560Y,02/08/2021,paid in full,BMW-Z4-CVB,"$52,800"
PM1-209-252Y,02/08/2021,pay by installments,BMW-M4-CVB,"$89,700"
PM9-128-660Y,03/08/2021,pay by installments,BMW-M8-CVB,"$148,700"
PM9-338-756Y,04/08/2021,pay by installments,BMW-mIX-SV,"$87,100"
PM3-639-561Y,06/08/2021,pay by installments,BMW-mXM-SV,"$159,000"
PM5-510-891Y,07/08/2021,pay by installments,BMW-m2S-SD,"$37,800"
PM9-437-200Y,09/08/2021,pay by installments,BMW-m5S-SD,"$56,000"
PM1-284-115Y,09/08/2021,pay by installments,BMW-m7S-SD,"$95,700"
PM5-846-009Y,10/08/2021,pay by installments,BMW-m8S-SD,"$87,500"
PM1-229-149Y,10/08/2021,pay by installments,BMW-mM3-SD,"$74,300"
PM7-757-385Y,12/08/2021,pay by installments,BMW-mM5-SD,"$109,000"
PM7-614-335Y,14/08/2021,pay by installments,BMW-mM8-SD,"$134,100"
PM6-036-727Y,17/08/2021,pay by installments,BMW-mI4-SD,"$52,000"
PM5-573-304Y,20/08/2021,pay by installments,BMW-mI7-SD,"$119,300"
PM1-201-222Y,22/08/2021,pay by installments,BMW-S2c-CP,"$38,200"
PM7-448-395Y,24/08/2021,pay by installments,BMW-S4c-CP,"$47,400"
PM0-746-044Y,28/08/2021,pay by installments,BMW-mX1-SV,"$39,100"
PM0-985-661Y,29/08/2021,pay by installments,BMW-mX3-SV,"$46,200"
PM6-229-472Y,31/08/2021,pay by installments,BMW-mX4-SV,"$54,200"
PM0-227-647Y,01/09/2021,pay by installments,BMW-mX5-SV,"$61,600"
PM9-914-978Y,06/09/2021,pay by installments,BMW-mX6-SV,"$70,100"
PM7-030-520Y,10/09/2021,pay by installments,BMW-mX7-SV,"$77,850"
PM0-233-210Y,12/09/2021,paid in full,BMW-X3M-SV,"$74,400"
PM1-281-363Y,12/09/2021,paid in full,BMW-mIX-SV,"$87,100"
PM7-016-832Y,13/09/2021,paid in full,BMW-mXM-SV,"$159,000"
PM3-523-017Y,19/09/2021,paid in full,BMW-m2S-SD,"$37,800"
PM6-858-176Y,21/09/2021,paid in full,BMW-mX1-SV,"$39,100"
PM6-243-191Y,23/09/2021,paid in full,BMW-mX3-SV,"$46,200"
PM7-268-920Y,27/09/2021,paid in full,BMW-mX4-SV,"$54,200"
PM0-893-026Y,28/09/2021,paid in full,BMW-mX5-SV,"$61,600"
PM0-587-004Y,03/10/2021,paid in full,BMW-mX6-SV,"$70,100"
PM8-946-200Y,05/10/2021,paid in full,BMW-mX7-SV,"$77,850"
PM8-503-210Y,10/10/2021,pay by installments,BMW-X3M-SV,"$74,400"
PM2-682-646Y,12/10/2021,pay by installments,BMW-X4M-SV,"$77,900"
PM4-910-265Y,16/10/2021,pay by installments,BMW-X5M-SV,"$108,900"
PM6-283-853Y,19/10/2021,pay by installments,BMW-X6M-SV,"$113,700"
PM7-299-344Y,22/10/2021,pay by installments,BMW-mIX-SV,"$87,100"
PM8-996-570Y,23/10/2021,pay by installments,BMW-mXM-SV,"$159,000"
PM1-106-088Y,28/10/2021,pay by installments,BMW-m2S-SD,"$37,800"
PM3-939-304Y,29/10/2021,paid in full,BMW-m7S-SD,"$95,700"
PM5-189-907Y,29/10/2021,pay by installments,BMW-m8S-SD,"$87,500"
PM9-686-542Y,01/11/2021,pay by installments,BMW-mM3-SD,"$74,300"
PM1-930-311Y,05/11/2021,paid in full,BMW-mM5-SD,"$109,000"
PM7-295-361Y,09/11/2021,paid in full,BMW-mM8-SD,"$134,100"
PM7-924-692Y,10/11/2021,pay by installments,BMW-mI4-SD,"$52,000"
PM9-406-230Y,13/11/2021,pay by installments,BMW-mI7-SD,"$119,300"
PM0-174-547Y,22/11/2021,paid in full,BMW-X4M-SV,"$77,900"
PM9-944-200Y,27/11/2021,pay by installments,BMW-mIX-SV,"$87,100"
PM6-268-599Y,27/11/2021,pay by installments,BMW-mXM-SV,"$159,000"
PM9-720-844Y,29/11/2021,pay by installments,BMW-m2S-SD,"$37,800"
PM8-374-867Y,02/12/2021,pay by installments,BMW-m7S-SD,"$95,700"
PM5-166-020Y,03/12/2021,pay by installments,BMW-m8S-SD,"$87,500"
PM5-387-652Y,03/12/2021,pay by installments,BMW-mM3-SD,"$74,300"
PM1-212-383Y,04/12/2021,paid in full,BMW-mM5-SD,"$109,000"
PM7-333-212Y,07/12/2021,pay by installments,BMW-mM8-SD,"$134,100"
PM9-913-950Y,11/12/2021,pay by installments,BMW-mI4-SD,"$52,000"
PM8-220-967Y,11/12/2021,paid in full,BMW-mI7-SD,"$119,300"
PM5-387-740Y,11/12/2021,paid in full,BMW-S2c-CP,"$38,200"
PM0-903-921Y,12/12/2021,pay by installments,BMW-S4c-CP,"$47,400"
PM4-860-623Y,14/12/2021,pay by installments,BMW-S8c-CP,"$87,500"
PM1-125-691Y,15/12/2021,paid in full,BMW-M2c-CP,"$62,850"
PM9-135-263Y,15/12/2021,pay by installments,BMW-M4c-CP,"$78,300"
PM6-768-823Y,18/12/2021,paid in full,BMW-M8c-CP,"$139,100"
PM1-157-548Y,18/12/2021,pay by installments,BMW-S4-CVB,"$55,500"
PM1-528-296Y,18/12/2021,paid in full,BMW-S8-CVB,"$97,100"
PM1-369-189Y,19/12/2021,pay by installments,BMW-Z4-CVB,"$52,800"
PM4-564-626Y,20/12/2021,pay by installments,BMW-M4-CVB,"$89,700"
PM7-457-903Y,20/12/2021,paid in full,BMW-M8-CVB,"$148,700"
PM1-773-519Y,21/12/2021,paid in full,BMW-mXM-SV,"$159,000"
PM8-604-050Y,22/12/2021,pay by installments,BMW-m2S-SD,"$37,800"
PM8-907-810Y,24/12/2021,pay by installments,BMW-X5M-SV,"$108,900"
PM1-605-432Y,25/12/2021,paid in full,BMW-X6M-SV,"$113,700"
PM6-807-010Y,26/12/2021,pay by installments,BMW-mIX-SV,"$87,100"
PM3-541-832Y,28/12/2021,paid in full,BMW-mXM-SV,"$159,000"
PM2-394-157Y,29/12/2021,paid in full,BMW-m2S-SD,"$37,800"
PM4-715-987Y,31/12/2021,paid in full,BMW-m3S-SD,"$43,800"
PM1-071-742Y,08/01/2022,paid in full,BMW-m4S-SD,"$45,200"
PM3-840-193Y,13/01/2022,pay by installments,BMW-m3S-SD,"$43,800"
PM6-941-174Y,16/01/2022,pay by installments,BMW-m3S-SD,"$43,800"
PM7-880-767Y,20/01/2022,paid in full,BMW-m3S-SD,"$43,800"
PM4-140-908Y,23/01/2022,paid in full,BMW-m3S-SD,"$43,800"
PM4-190-768Y,26/01/2022,pay by installments,BMW-m3S-SD,"$43,800"
PM7-886-063Y,03/02/2022,pay by installments,BMW-m3S-SD,"$43,800"
PM8-191-786Y,03/02/2022,paid in full,BMW-mIX-SV,"$87,100"
PM8-855-634Y,08/02/2022,pay by installments,BMW-mXM-SV,"$159,000"
PM9-397-699Y,09/02/2022,paid in full,BMW-m2S-SD,"$37,800"
PM7-980-928Y,09/02/2022,pay by installments,BMW-mM5-SD,"$109,000"
PM6-017-876Y,11/02/2022,paid in full,BMW-mM5-SD,"$109,000"
PM8-155-650Y,16/02/2022,pay by installments,BMW-m8S-SD,"$87,500"
PM6-408-589Y,17/02/2022,pay by installments,BMW-mM3-SD,"$74,300"
PM3-414-163Y,20/02/2022,paid in full,BMW-mM5-SD,"$109,000"
PM1-595-229Y,20/02/2022,paid in full,BMW-mM8-SD,"$134,100"
PM0-586-008Y,22/02/2022,pay by installments,BMW-X5M-SV,"$108,900"
PM5-280-582Y,22/02/2022,pay by installments,BMW-X6M-SV,"$113,700"
PM3-311-570Y,28/02/2022,paid in full,BMW-mIX-SV,"$87,100"
PM6-050-486Y,01/03/2022,pay by installments,BMW-mXM-SV,"$159,000"
PM4-573-958Y,01/03/2022,paid in full,BMW-m2S-SD,"$37,800"
PM1-263-402Y,03/03/2022,paid in full,BMW-m3S-SD,"$43,800"
PM3-354-816Y,07/03/2022,paid in full,BMW-m4S-SD,"$45,200"
PM9-858-304Y,10/03/2022,pay by installments,BMW-M8-CVB,"$148,700"
PM2-105-197Y,10/03/2022,pay by installments,BMW-M8-CVB,"$148,700"
PM5-856-847Y,13/03/2022,paid in full,BMW-mX1-SV,"$39,100"
PM6-663-954Y,16/03/2022,paid in full,BMW-mX1-SV,"$39,100"
PM2-353-851Y,19/03/2022,pay by installments,BMW-mIX-SV,"$87,100"
PM4-603-485Y,19/03/2022,pay by installments,BMW-mXM-SV,"$159,000"
PM8-061-124Y,20/03/2022,paid in full,BMW-m2S-SD,"$37,800"
PM0-037-088Y,20/03/2022,pay by installments,BMW-S2c-CP,"$38,200"
PM0-331-486Y,20/03/2022,paid in full,BMW-S4c-CP,"$47,400"
PM9-904-630Y,21/03/2022,pay by installments,BMW-S8c-CP,"$87,500"
PM6-101-193Y,21/03/2022,paid in full,BMW-M2c-CP,"$62,850"
PM2-831-262Y,22/03/2022,pay by installments,BMW-M4c-CP,"$78,300"
PM9-634-265Y,27/03/2022,pay by installments,BMW-M8c-CP,"$139,100"
PM7-332-948Y,28/03/2022,paid in full,BMW-mX4-SV,"$54,200"
PM9-117-396Y,29/03/2022,paid in full,BMW-X5M-SV,"$108,900"
PM1-101-697Y,01/04/2022,pay by installments,BMW-X6M-SV,"$113,700"
PM8-080-729Y,02/04/2022,pay by installments,BMW-mIX-SV,"$87,100"
PM5-747-279Y,02/04/2022,paid in full,BMW-mXM-SV,"$159,000"
PM9-993-747Y,13/04/2022,pay by installments,BMW-m2S-SD,"$37,800"
PM2-088-093Y,13/04/2022,paid in full,BMW-m3S-SD,"$43,800"
PM6-079-639Y,14/04/2022,paid in full,BMW-m4S-SD,"$45,200"
PM7-188-900Y,15/04/2022,paid in full,BMW-mX1-SV,"$39,100"
PM3-867-226Y,16/04/2022,paid in full,BMW-mX3-SV,"$46,200"
PM2-295-822Y,18/04/2022,paid in full,BMW-mX4-SV,"$54,200"
PM8-941-948Y,21/04/2022,paid in full,BMW-mX5-SV,"$61,600"
PM5-624-616Y,25/04/2022,pay by installments,BMW-mX6-SV,"$70,100"
PM1-000-140Y,27/04/2022,pay by installments,BMW-mX6-SV,"$70,100"
PM1-913-082Y,28/04/2022,paid in full,BMW-mX6-SV,"$70,100"
PM5-720-696Y,28/04/2022,paid in full,BMW-mIX-SV,"$87,100"
PM5-251-803Y,03/05/2022,pay by installments,BMW-mXM-SV,"$159,000"
PM1-124-685Y,04/05/2022,paid in full,BMW-m2S-SD,"$37,800"
PM2-543-465Y,06/05/2022,paid in full,BMW-mI4-SD,"$52,000"
PM7-777-594Y,06/05/2022,paid in full,BMW-mI4-SD,"$52,000"
PM0-495-474Y,12/05/2022,paid in full,BMW-mI4-SD,"$52,000"
PM4-405-187Y,15/05/2022,paid in full,BMW-m2S-SD,"$37,800"
PM8-007-707Y,15/05/2022,paid in full,BMW-m2S-SD,"$37,800"
PM8-418-758Y,21/05/2022,paid in full,BMW-m2S-SD,"$37,800"
PM1-458-859Y,23/05/2022,pay by installments,BMW-mXM-SV,"$159,000"
PM5-309-461Y,25/05/2022,pay by installments,BMW-mXM-SV,"$159,000"
PM4-144-808Y,26/05/2022,pay by installments,BMW-mXM-SV,"$159,000"
PM4-338-706Y,28/05/2022,pay by installments,BMW-X5M-SV,"$108,900"
PM7-823-835Y,28/05/2022,pay by installments,BMW-X6M-SV,"$113,700"
PM5-725-148Y,30/05/2022,pay by installments,BMW-mIX-SV,"$87,100"
PM4-394-519Y,01/06/2022,pay by installments,BMW-mXM-SV,"$159,000"
PM2-665-390Y,02/06/2022,paid in full,BMW-m2S-SD,"$37,800"
PM9-868-743Y,03/06/2022,pay by installments,BMW-m3S-SD,"$43,800"
PM5-727-256Y,03/06/2022,pay by installments,BMW-m4S-SD,"$45,200"
PM4-336-626Y,07/06/2022,paid in full,BMW-mIX-SV,"$87,100"
PM1-798-218Y,08/06/2022,paid in full,BMW-mXM-SV,"$159,000"
PM6-366-300Y,08/06/2022,pay by installments,BMW-m2S-SD,"$37,800"
PM6-729-437Y,08/06/2022,pay by installments,BMW-mM8-SD,"$134,100"
PM1-446-705Y,11/06/2022,paid in full,BMW-mI4-SD,"$52,000"
PM2-914-780Y,15/06/2022,pay by installments,BMW-mI7-SD,"$119,300"
PM6-465-148Y,19/06/2022,paid in full,BMW-S2c-CP,"$38,200"
PM9-016-938Y,25/06/2022,pay by installments,BMW-S4c-CP,"$47,400"
PM8-003-719Y,28/06/2022,paid in full,BMW-S8c-CP,"$87,500"
PM9-091-900Y,29/06/2022,pay by installments,BMW-mI7-SD,"$119,300"
PM5-271-548Y,01/07/2022,pay by installments,BMW-mI7-SD,"$119,300"
PM1-361-525Y,03/07/2022,paid in full,BMW-mI7-SD,"$119,300"
PM3-536-803Y,05/07/2022,paid in full,BMW-S4c-CP,"$47,400"
PM0-285-463Y,06/07/2022,pay by installments,BMW-X5M-SV,"$108,900"
PM6-519-201Y,06/07/2022,pay by installments,BMW-X6M-SV,"$113,700"
PM0-165-151Y,09/07/2022,paid in full,BMW-mIX-SV,"$87,100"
PM2-196-018Y,12/07/2022,paid in full,BMW-mXM-SV,"$159,000"
PM6-190-854Y,13/07/2022,pay by installments,BMW-m2S-SD,"$37,800"
PM1-059-128Y,18/07/2022,paid in full,BMW-m3S-SD,"$43,800"
PM7-164-257Y,23/07/2022,paid in full,BMW-m4S-SD,"$45,200"
PM4-053-676Y,27/07/2022,paid in full,BMW-mX1-SV,"$39,100"
PM3-575-991Y,30/07/2022,paid in full,BMW-mX3-SV,"$46,200"
PM6-320-651Y,31/07/2022,pay by installments,BMW-mX4-SV,"$54,200"
PM3-625-380Y,02/08/2022,pay by installments,BMW-mX3-SV,"$46,200"
PM2-295-800Y,03/08/2022,paid in full,BMW-mIX-SV,"$87,100"
PM8-348-603Y,05/08/2022,paid in full,BMW-mXM-SV,"$159,000"
PM2-752-060Y,06/08/2022,pay by installments,BMW-m2S-SD,"$37,800"
PM4-874-848Y,08/08/2022,pay by installments,BMW-X5M-SV,"$108,900"
PM6-273-757Y,08/08/2022,paid in full,BMW-m2S-SD,"$37,800"
PM9-234-415Y,09/08/2022,pay by installments,BMW-X6M-SV,"$113,700"
PM5-402-386Y,16/08/2022,paid in full,BMW-m3S-SD,"$43,800"
PM4-864-451Y,22/08/2022,pay by installments,BMW-m4S-SD,"$45,200"
PM7-627-466Y,26/08/2022,paid in full,BMW-m4S-SD,"$45,200"
PM1-720-104Y,27/08/2022,pay by installments,BMW-X5M-SV,"$108,900"
PM8-918-751Y,27/08/2022,pay by installments,BMW-X6M-SV,"$113,700"
PM7-914-595Y,28/08/2022,paid in full,BMW-mIX-SV,"$87,100"
PM5-391-326Y,28/08/2022,paid in full,BMW-mXM-SV,"$159,000"
PM2-413-645Y,28/08/2022,pay by installments,BMW-m2S-SD,"$37,800"
PM8-465-541Y,30/08/2022,pay by installments,BMW-m3S-SD,"$43,800"
PM7-356-278Y,31/08/2022,paid in full,BMW-m4S-SD,"$45,200"
PM3-936-368Y,03/09/2022,pay by installments,BMW-m3S-SD,"$43,800"
PM6-465-482Y,10/09/2022,paid in full,BMW-m3S-SD,"$43,800"
PM4-623-958Y,11/09/2022,paid in full,BMW-m3S-SD,"$43,800"
PM8-852-851Y,13/09/2022,paid in full,BMW-m3S-SD,"$43,800"
PM3-020-312Y,14/09/2022,pay by installments,BMW-m3S-SD,"$43,800"
PM5-142-887Y,14/09/2022,pay by installments,BMW-mIX-SV,"$87,100"
PM3-158-920Y,20/09/2022,paid in full,BMW-mXM-SV,"$159,000"
PM8-384-978Y,20/09/2022,paid in full,BMW-m2S-SD,"$37,800"
PM5-321-639Y,22/09/2022,paid in full,BMW-m4S-SD,"$45,200"
PM5-562-495Y,23/09/2022,pay by installments,BMW-X5M-SV,"$108,900"
PM8-242-716Y,27/09/2022,pay by installments,BMW-X5M-SV,"$108,900"
PM9-246-653Y,29/09/2022,pay by installments,BMW-X5M-SV,"$108,900"
PM6-221-534Y,06/10/2022,pay by installments,BMW-X5M-SV,"$108,900"
PM2-908-901Y,09/10/2022,pay by installments,BMW-X5M-SV,"$108,900"
PM8-885-857Y,12/10/2022,pay by installments,BMW-X6M-SV,"$113,700"
PM6-097-716Y,15/10/2022,pay by installments,BMW-mIX-SV,"$87,100"
PM5-238-740Y,22/10/2022,pay by installments,BMW-mXM-SV,"$159,000"
PM0-883-014Y,25/10/2022,pay by installments,BMW-m2S-SD,"$37,800"
PM3-952-818Y,28/10/2022,pay by installments,BMW-m3S-SD,"$43,800"
PM4-383-171Y,04/11/2022,pay by installments,BMW-m4S-SD,"$45,200"
PM4-725-246Y,05/11/2022,pay by installments,BMW-X5M-SV,"$108,900"
PM7-272-562Y,07/11/2022,pay by installments,BMW-X5M-SV,"$108,900"
PM6-711-866Y,08/11/2022,pay by installments,BMW-X5M-SV,"$108,900"
PM1-730-188Y,09/11/2022,pay by installments,BMW-X5M-SV,"$108,900"
PM8-929-638Y,11/11/2022,pay by installments,BMW-X5M-SV,"$108,900"
PM0-969-874Y,13/11/2022,pay by installments,BMW-X5M-SV,"$108,900"
PM2-754-586Y,14/11/2022,pay by installments,BMW-X5M-SV,"$108,900"
PM2-081-591Y,15/11/2022,pay by installments,BMW-X5M-SV,"$108,900"
PM6-927-803Y,18/11/2022,pay by installments,BMW-mIX-SV,"$87,100"
PM6-945-831Y,20/11/2022,pay by installments,BMW-mXM-SV,"$159,000"
PM6-459-947Y,21/11/2022,paid in full,BMW-m2S-SD,"$37,800"
PM9-137-639Y,22/11/2022,paid in full,BMW-mIX-SV,"$87,100"
PM5-308-783Y,22/11/2022,paid in full,BMW-mXM-SV,"$159,000"
PM3-475-402Y,23/11/2022,paid in full,BMW-S4c-CP,"$47,400"
PM0-150-571Y,24/11/2022,paid in full,BMW-S4c-CP,"$47,400"
PM5-953-319Y,26/11/2022,paid in full,BMW-S4c-CP,"$47,400"
PM0-550-129Y,29/11/2022,paid in full,BMW-X5M-SV,"$108,900"
PM4-793-102Y,05/12/2022,paid in full,BMW-X6M-SV,"$113,700"
PM2-422-215Y,12/12/2022,paid in full,BMW-mIX-SV,"$87,100"
PM5-129-637Y,12/12/2022,paid in full,BMW-mXM-SV,"$159,000"
PM8-911-325Y,13/12/2022,pay by installments,BMW-m2S-SD,"$37,800"
PM3-683-454Y,15/12/2022,pay by installments,BMW-m3S-SD,"$43,800"
PM8-443-836Y,17/12/2022,pay by installments,BMW-m4S-SD,"$45,200"
PM8-537-321Y,18/12/2022,pay by installments,BMW-X5M-SV,"$108,900"
PM0-837-700Y,20/12/2022,pay by installments,BMW-X5M-SV,"$108,900"
PM8-883-421Y,21/12/2022,pay by installments,BMW-mIX-SV,"$87,100"
PM8-595-548Y,24/12/2022,pay by installments,BMW-mXM-SV,"$159,000"
PM3-835-280Y,26/12/2022,paid in full,BMW-m2S-SD,"$37,800"
PM4-025-844Y,26/12/2022,pay by installments,BMW-X5M-SV,"$108,900"
PM5-092-184Y,29/12/2022,paid in full,BMW-mX4-SV,"$54,200"
PM8-238-728Y,01/01/2023,pay by installments,BMW-M8c-CP,"$139,100"
PM8-688-397Y,01/01/2023,paid in full,BMW-mX3-SV,"$46,200"
PM6-961-404Y,02/01/2023,pay by installments,BMW-M8c-CP,"$139,100"
PM1-929-821Y,05/01/2023,pay by installments,BMW-X5M-SV,"$108,900"
PM0-201-923Y,07/01/2023,paid in full,BMW-X6M-SV,"$113,700"
PM2-697-426Y,10/01/2023,paid in full,BMW-mIX-SV,"$87,100"
PM0-780-018Y,12/01/2023,pay by installments,BMW-mXM-SV,"$159,000"
PM4-280-124Y,13/01/2023,pay by installments,BMW-m2S-SD,"$37,800"
PM7-319-029Y,16/01/2023,paid in full,BMW-m3S-SD,"$43,800"
PM7-274-224Y,19/01/2023,pay by installments,BMW-m4S-SD,"$45,200"
PM7-367-440Y,20/01/2023,paid in full,BMW-S2c-CP,"$38,200"
PM8-122-915Y,22/01/2023,paid in full,BMW-S2c-CP,"$38,200"
PM8-945-345Y,23/01/2023,paid in full,BMW-S2c-CP,"$38,200"
PM0-234-620Y,24/01/2023,paid in full,BMW-S2c-CP,"$38,200"
PM4-525-637Y,29/01/2023,paid in full,BMW-mX1-SV,"$39,100"
PM3-748-164Y,29/01/2023,paid in full,BMW-mIX-SV,"$87,100"
PM7-627-324Y,02/02/2023,pay by installments,BMW-mXM-SV,"$159,000"
PM5-567-680Y,03/02/2023,pay by installments,BMW-m2S-SD,"$37,800"
PM0-382-827Y,04/02/2023,paid in full,BMW-mX7-SV,"$77,850"
PM7-545-462Y,05/02/2023,paid in full,BMW-X3M-SV,"$74,400"
PM0-019-186Y,09/02/2023,pay by installments,BMW-X5M-SV,"$108,900"
PM5-944-489Y,10/02/2023,pay by installments,BMW-X6M-SV,"$113,700"
PM0-704-998Y,15/02/2023,pay by installments,BMW-mIX-SV,"$87,100"
PM3-868-101Y,19/02/2023,paid in full,BMW-mXM-SV,"$159,000"
PM4-216-573Y,21/02/2023,paid in full,BMW-m2S-SD,"$37,800"
PM9-846-028Y,04/03/2023,pay by installments,BMW-m3S-SD,"$43,800"
PM9-537-005Y,06/03/2023,paid in full,BMW-m4S-SD,"$45,200"
PM3-342-025Y,07/03/2023,pay by installments,BMW-mX7-SV,"$77,850"
PM7-070-002Y,07/03/2023,pay by installments,BMW-X3M-SV,"$74,400"
PM9-629-592Y,09/03/2023,paid in full,BMW-m5S-SD,"$56,000"
PM9-620-551Y,13/03/2023,paid in full,BMW-m5S-SD,"$56,000"
PM5-010-402Y,17/03/2023,pay by installments,BMW-m5S-SD,"$56,000"
PM8-571-916Y,19/03/2023,paid in full,BMW-mX3-SV,"$46,200"
PM9-987-359Y,20/03/2023,paid in full,BMW-mX3-SV,"$46,200"
PM6-139-541Y,20/03/2023,paid in full,BMW-mX3-SV,"$46,200"
PM0-432-465Y,22/03/2023,paid in full,BMW-mX3-SV,"$46,200"
PM6-452-107Y,27/03/2023,pay by installments,BMW-mI7-SD,"$119,300"
PM7-537-261Y,27/03/2023,pay by installments,BMW-mI7-SD,"$119,300"
PM0-631-602Y,29/03/2023,paid in full,BMW-mI7-SD,"$119,300"
PM1-347-777Y,31/03/2023,pay by installments,BMW-mIX-SV,"$87,100"
PM1-497-858Y,06/04/2023,paid in full,BMW-mXM-SV,"$159,000"
PM6-049-136Y,08/04/2023,pay by installments,BMW-m2S-SD,"$37,800"
PM0-112-425Y,08/04/2023,paid in full,BMW-m2S-SD,"$37,800"
PM3-480-370Y,08/04/2023,pay by installments,BMW-m3S-SD,"$43,800"
PM9-092-767Y,09/04/2023,pay by installments,BMW-m4S-SD,"$45,200"
PM1-858-803Y,11/04/2023,paid in full,BMW-m5S-SD,"$56,000"
PM0-412-680Y,12/04/2023,paid in full,BMW-m7S-SD,"$95,700"
PM7-535-038Y,16/04/2023,pay by installments,BMW-m3S-SD,"$43,800"
PM1-980-720Y,16/04/2023,pay by installments,BMW-m3S-SD,"$43,800"
PM7-377-783Y,20/04/2023,paid in full,BMW-m3S-SD,"$43,800"
PM7-823-324Y,24/04/2023,pay by installments,BMW-X5M-SV,"$108,900"
PM1-201-926Y,01/05/2023,paid in full,BMW-X6M-SV,"$113,700"
PM3-923-689Y,02/05/2023,paid in full,BMW-mIX-SV,"$87,100"
PM5-564-481Y,02/05/2023,paid in full,BMW-mXM-SV,"$159,000"
PM4-229-258Y,04/05/2023,paid in full,BMW-m2S-SD,"$37,800"
PM4-821-869Y,07/05/2023,pay by installments,BMW-m3S-SD,"$43,800"
PM6-157-300Y,11/05/2023,pay by installments,BMW-m4S-SD,"$45,200"
PM5-317-218Y,18/05/2023,paid in full,BMW-m3S-SD,"$43,800"
PM2-477-111Y,20/05/2023,paid in full,BMW-m3S-SD,"$43,800"
PM7-824-942Y,23/05/2023,pay by installments,BMW-m3S-SD,"$43,800"
PM3-245-985Y,26/05/2023,pay by installments,BMW-m5S-SD,"$56,000"
PM4-649-875Y,26/05/2023,paid in full,BMW-m5S-SD,"$56,000"
PM9-561-003Y,30/05/2023,paid in full,BMW-m5S-SD,"$56,000"
PM9-906-823Y,31/05/2023,paid in full,BMW-mIX-SV,"$87,100"
PM0-069-246Y,02/06/2023,paid in full,BMW-mXM-SV,"$159,000"
PM5-560-226Y,03/06/2023,paid in full,BMW-m2S-SD,"$37,800"
PM0-578-841Y,06/06/2023,paid in full,BMW-mX1-SV,"$39,100"
PM2-366-597Y,07/06/2023,paid in full,BMW-mX3-SV,"$46,200"
PM2-868-899Y,07/06/2023,paid in full,BMW-mX4-SV,"$54,200"
PM7-654-017Y,09/06/2023,paid in full,BMW-mX5-SV,"$61,600"
PM1-601-061Y,14/06/2023,paid in full,BMW-mX6-SV,"$70,100"
PM2-149-672Y,15/06/2023,pay by installments,BMW-X6M-SV,"$113,700"
PM5-428-036Y,21/06/2023,pay by installments,BMW-mIX-SV,"$87,100"
PM7-871-746Y,24/06/2023,pay by installments,BMW-mXM-SV,"$159,000"
PM3-255-185Y,25/06/2023,pay by installments,BMW-m2S-SD,"$37,800"
PM7-409-163Y,27/06/2023,pay by installments,BMW-m3S-SD,"$43,800"
PM5-969-394Y,29/06/2023,pay by installments,BMW-m4S-SD,"$45,200"
PM7-517-614Y,30/06/2023,pay by installments,BMW-M8-CVB,"$148,700"
PM6-302-353Y,03/07/2023,paid in full,BMW-m3S-SD,"$43,800"
PM8-761-078Y,03/07/2023,pay by installments,BMW-m3S-SD,"$43,800"
PM1-012-558Y,05/07/2023,paid in full,BMW-m3S-SD,"$43,800"
PM5-144-639Y,06/07/2023,pay by installments,BMW-M8-CVB,"$148,700"
PM8-616-046Y,07/07/2023,paid in full,BMW-m3S-SD,"$43,800"
PM5-718-053Y,11/07/2023,pay by installments,BMW-mIX-SV,"$87,100"
PM1-205-726Y,11/07/2023,pay by installments,BMW-mXM-SV,"$159,000"
PM1-752-943Y,11/07/2023,paid in full,BMW-m2S-SD,"$37,800"
PM5-182-463Y,17/07/2023,paid in full,BMW-m3S-SD,"$43,800"
PM6-318-546Y,20/07/2023,pay by installments,BMW-m5S-SD,"$56,000"
PM8-548-809Y,21/07/2023,pay by installments,BMW-m7S-SD,"$95,700"
PM0-799-187Y,26/07/2023,pay by installments,BMW-m8S-SD,"$87,500"
PM3-586-127Y,27/07/2023,pay by installments,BMW-mM3-SD,"$74,300"
PM2-943-536Y,02/08/2023,pay by installments,BMW-mM5-SD,"$109,000"
PM4-136-929Y,03/08/2023,pay by installments,BMW-mM8-SD,"$134,100"
PM5-186-527Y,04/08/2023,pay by installments,BMW-X4M-SV,"$77,900"
PM0-386-975Y,04/08/2023,pay by installments,BMW-X5M-SV,"$108,900"
PM4-826-392Y,09/08/2023,pay by installments,BMW-X5M-SV,"$108,900"
PM4-538-169Y,09/08/2023,pay by installments,BMW-X5M-SV,"$108,900"
PM6-445-467Y,11/08/2023,pay by installments,BMW-X5M-SV,"$108,900"
PM4-464-725Y,11/08/2023,pay by installments,BMW-X4M-SV,"$77,900"
PM2-397-444Y,12/08/2023,pay by installments,BMW-X4M-SV,"$77,900"
PM4-689-100Y,16/08/2023,pay by installments,BMW-X4M-SV,"$77,900"
PM2-014-476Y,18/08/2023,pay by installments,BMW-X4M-SV,"$77,900"
PM8-699-777Y,23/08/2023,pay by installments,BMW-m3S-SD,"$43,800"
PM9-010-445Y,24/08/2023,paid in full,BMW-mIX-SV,"$87,100"
PM6-721-247Y,26/08/2023,paid in full,BMW-mXM-SV,"$159,000"
PM6-943-550Y,30/08/2023,paid in full,BMW-m2S-SD,"$37,800"
PM5-545-392Y,31/08/2023,paid in full,BMW-m3S-SD,"$43,800"
PM3-610-875Y,05/09/2023,paid in full,BMW-m3S-SD,"$43,800"
PM9-989-774Y,09/09/2023,paid in full,BMW-m3S-SD,"$43,800"
PM7-529-868Y,10/09/2023,paid in full,BMW-m3S-SD,"$43,800"
PM8-128-771Y,22/09/2023,paid in full,BMW-m3S-SD,"$43,800"
PM5-216-831Y,22/09/2023,paid in full,BMW-m3S-SD,"$43,800"
PM7-367-324Y,25/09/2023,pay by installments,BMW-X5M-SV,"$108,900"
PM4-997-547Y,26/09/2023,pay by installments,BMW-X6M-SV,"$113,700"
PM6-917-107Y,28/09/2023,pay by installments,BMW-mIX-SV,"$87,100"
PM8-804-832Y,01/10/2023,pay by installments,BMW-mXM-SV,"$159,000"
PM6-738-119Y,01/10/2023,pay by installments,BMW-mXM-SV,"$159,000"
PM7-805-750Y,05/10/2023,pay by installments,BMW-mXM-SV,"$159,000"
PM2-085-440Y,06/10/2023,pay by installments,BMW-mXM-SV,"$159,000"
PM4-599-456Y,13/10/2023,pay by installments,BMW-mXM-SV,"$159,000"
PM4-085-596Y,14/10/2023,pay by installments,BMW-mXM-SV,"$159,000"
PM8-703-733Y,16/10/2023,pay by installments,BMW-mXM-SV,"$159,000"
PM9-405-131Y,20/10/2023,pay by installments,BMW-M8-CVB,"$148,700"
PM8-845-679Y,21/10/2023,pay by installments,BMW-mIX-SV,"$87,100"
PM8-915-648Y,24/10/2023,pay by installments,BMW-mXM-SV,"$159,000"
PM7-401-217Y,24/10/2023,pay by installments,BMW-m2S-SD,"$37,800"
PM1-919-858Y,25/10/2023,pay by installments,BMW-M2c-CP,"$62,850"
PM6-733-428Y,28/10/2023,pay by installments,BMW-M4c-CP,"$78,300"
PM0-420-775Y,05/11/2023,pay by installments,BMW-M8c-CP,"$139,100"
PM2-325-405Y,06/11/2023,pay by installments,BMW-S4-CVB,"$55,500"
PM2-092-386Y,06/11/2023,pay by installments,BMW-S8-CVB,"$97,100"
PM7-597-767Y,08/11/2023,pay by installments,BMW-Z4-CVB,"$52,800"
PM6-265-436Y,13/11/2023,pay by installments,BMW-M4-CVB,"$89,700"
PM2-468-168Y,18/11/2023,pay by installments,BMW-M8-CVB,"$148,700"
PM0-319-130Y,18/11/2023,pay by installments,BMW-m7S-SD,"$95,700"
PM0-080-955Y,19/11/2023,pay by installments,BMW-M8c-CP,"$139,100"
PM8-189-068Y,27/11/2023,pay by installments,BMW-M8c-CP,"$139,100"
PM2-371-291Y,01/12/2023,pay by installments,BMW-m7S-SD,"$95,700"
PM1-279-668Y,02/12/2023,pay by installments,BMW-mIX-SV,"$87,100"
PM5-869-112Y,03/12/2023,pay by installments,BMW-mXM-SV,"$159,000"
PM2-075-359Y,05/12/2023,pay by installments,BMW-m2S-SD,"$37,800"
PM2-454-623Y,05/12/2023,pay by installments,BMW-S2c-CP,"$38,200"
PM4-973-610Y,05/12/2023,pay by installments,BMW-S4c-CP,"$47,400"
PM3-757-747Y,06/12/2023,pay by installments,BMW-S8c-CP,"$87,500"
PM1-175-260Y,08/12/2023,pay by installments,BMW-M2c-CP,"$62,850"
PM6-380-729Y,09/12/2023,pay by installments,BMW-M4c-CP,"$78,300"
PM1-698-189Y,10/12/2023,paid in full,BMW-m3S-SD,"$43,800"
PM3-278-151Y,11/12/2023,paid in full,BMW-m3S-SD,"$43,800"
PM9-906-634Y,16/12/2023,paid in full,BMW-m3S-SD,"$43,800"
PM7-665-482Y,16/12/2023,pay by installments,BMW-mXM-SV,"$159,000"
PM2-182-333Y,18/12/2023,paid in full,BMW-m4S-SD,"$45,200"
PM7-658-805Y,22/12/2023,pay by installments,BMW-mXM-SV,"$159,000"
PM9-985-753Y,25/12/2023,pay by installments,BMW-mXM-SV,"$159,000"
PM3-627-263Y,25/12/2023,paid in full,BMW-m4S-SD,"$45,200"
PM4-544-730Y,26/12/2023,paid in full,BMW-m4S-SD,"$45,200"
PM4-288-415Y,26/12/2023,paid in full,BMW-mIX-SV,"$87,100"
PM4-942-018Y,29/12/2023,pay by installments,BMW-mXM-SV,"$159,000"
PM1-980-343Y,30/12/2023,paid in full,BMW-m2S-SD,"$37,800"
PM9-834-547Y,31/12/2023,pay by installments,BMW-M8-CVB,"$148,700"
PM4-644-926Y,31/12/2023,pay by installments,BMW-M8c-CP,"$139,100"